source_file	gsm	linked_file
SRX10112402.fastq.gz	GSM5087364	/home/jiye/jiye/darkproteome/data/RPFdb/kidney/Riboseq/fastq/finalfastq_forbam_GSM/GSM5087364.fastq.gz
SRX10112403.fastq.gz	GSM5087365	/home/jiye/jiye/darkproteome/data/RPFdb/kidney/Riboseq/fastq/finalfastq_forbam_GSM/GSM5087365.fastq.gz
SRX10112404.fastq.gz	GSM5087366	/home/jiye/jiye/darkproteome/data/RPFdb/kidney/Riboseq/fastq/finalfastq_forbam_GSM/GSM5087366.fastq.gz
SRX10112405.fastq.gz	GSM5087367	/home/jiye/jiye/darkproteome/data/RPFdb/kidney/Riboseq/fastq/finalfastq_forbam_GSM/GSM5087367.fastq.gz
SRX1059898.fastq.gz	GSM1712831	/home/jiye/jiye/darkproteome/data/RPFdb/kidney/Riboseq/fastq/finalfastq_forbam_GSM/GSM1712831.fastq.gz
SRX1059899.fastq.gz	GSM1712832	/home/jiye/jiye/darkproteome/data/RPFdb/kidney/Riboseq/fastq/finalfastq_forbam_GSM/GSM1712832.fastq.gz
SRX1059900.fastq.gz	GSM1712833	/home/jiye/jiye/darkproteome/data/RPFdb/kidney/Riboseq/fastq/finalfastq_forbam_GSM/GSM1712833.fastq.gz
SRX1059901.fastq.gz	GSM1712834	/home/jiye/jiye/darkproteome/data/RPFdb/kidney/Riboseq/fastq/finalfastq_forbam_GSM/GSM1712834.fastq.gz
SRX1059902.fastq.gz	GSM1712835	/home/jiye/jiye/darkproteome/data/RPFdb/kidney/Riboseq/fastq/finalfastq_forbam_GSM/GSM1712835.fastq.gz
SRX1059903.fastq.gz	GSM1712836	/home/jiye/jiye/darkproteome/data/RPFdb/kidney/Riboseq/fastq/finalfastq_forbam_GSM/GSM1712836.fastq.gz
SRX1070858.fastq.gz	GSM1720803	/home/jiye/jiye/darkproteome/data/RPFdb/kidney/Riboseq/fastq/finalfastq_forbam_GSM/GSM1720803.fastq.gz
SRX1070859.fastq.gz	GSM1720804	/home/jiye/jiye/darkproteome/data/RPFdb/kidney/Riboseq/fastq/finalfastq_forbam_GSM/GSM1720804.fastq.gz
SRX1070860.fastq.gz	GSM1720805	/home/jiye/jiye/darkproteome/data/RPFdb/kidney/Riboseq/fastq/finalfastq_forbam_GSM/GSM1720805.fastq.gz
SRX1070861.fastq.gz	GSM1720806	/home/jiye/jiye/darkproteome/data/RPFdb/kidney/Riboseq/fastq/finalfastq_forbam_GSM/GSM1720806.fastq.gz
SRX1070862.fastq.gz	GSM1720807	/home/jiye/jiye/darkproteome/data/RPFdb/kidney/Riboseq/fastq/finalfastq_forbam_GSM/GSM1720807.fastq.gz
SRX1070868.fastq.gz	GSM1720813	/home/jiye/jiye/darkproteome/data/RPFdb/kidney/Riboseq/fastq/finalfastq_forbam_GSM/GSM1720813.fastq.gz
SRX1070869.fastq.gz	GSM1720814	/home/jiye/jiye/darkproteome/data/RPFdb/kidney/Riboseq/fastq/finalfastq_forbam_GSM/GSM1720814.fastq.gz
SRX1070870.fastq.gz	GSM1720815	/home/jiye/jiye/darkproteome/data/RPFdb/kidney/Riboseq/fastq/finalfastq_forbam_GSM/GSM1720815.fastq.gz
SRX1070871.fastq.gz	GSM1720816	/home/jiye/jiye/darkproteome/data/RPFdb/kidney/Riboseq/fastq/finalfastq_forbam_GSM/GSM1720816.fastq.gz
SRX1070872.fastq.gz	GSM1720817	/home/jiye/jiye/darkproteome/data/RPFdb/kidney/Riboseq/fastq/finalfastq_forbam_GSM/GSM1720817.fastq.gz
SRX10773161.fastq.gz	GSM5281836	/home/jiye/jiye/darkproteome/data/RPFdb/kidney/Riboseq/fastq/finalfastq_forbam_GSM/GSM5281836.fastq.gz
SRX10773162.fastq.gz	GSM5281837	/home/jiye/jiye/darkproteome/data/RPFdb/kidney/Riboseq/fastq/finalfastq_forbam_GSM/GSM5281837.fastq.gz
SRX10773163.fastq.gz	GSM5281838	/home/jiye/jiye/darkproteome/data/RPFdb/kidney/Riboseq/fastq/finalfastq_forbam_GSM/GSM5281838.fastq.gz
SRX10773164.fastq.gz	GSM5281839	/home/jiye/jiye/darkproteome/data/RPFdb/kidney/Riboseq/fastq/finalfastq_forbam_GSM/GSM5281839.fastq.gz
SRX10773165.fastq.gz	GSM5281840	/home/jiye/jiye/darkproteome/data/RPFdb/kidney/Riboseq/fastq/finalfastq_forbam_GSM/GSM5281840.fastq.gz
SRX10773166.fastq.gz	GSM5281841	/home/jiye/jiye/darkproteome/data/RPFdb/kidney/Riboseq/fastq/finalfastq_forbam_GSM/GSM5281841.fastq.gz
SRX10773167.fastq.gz	GSM5281842	/home/jiye/jiye/darkproteome/data/RPFdb/kidney/Riboseq/fastq/finalfastq_forbam_GSM/GSM5281842.fastq.gz
SRX10773168.fastq.gz	GSM5281843	/home/jiye/jiye/darkproteome/data/RPFdb/kidney/Riboseq/fastq/finalfastq_forbam_GSM/GSM5281843.fastq.gz
SRX10773169.fastq.gz	GSM5281844	/home/jiye/jiye/darkproteome/data/RPFdb/kidney/Riboseq/fastq/finalfastq_forbam_GSM/GSM5281844.fastq.gz
SRX10773170.fastq.gz	GSM5281845	/home/jiye/jiye/darkproteome/data/RPFdb/kidney/Riboseq/fastq/finalfastq_forbam_GSM/GSM5281845.fastq.gz
SRX10773171.fastq.gz	GSM5281846	/home/jiye/jiye/darkproteome/data/RPFdb/kidney/Riboseq/fastq/finalfastq_forbam_GSM/GSM5281846.fastq.gz
SRX10773172.fastq.gz	GSM5281847	/home/jiye/jiye/darkproteome/data/RPFdb/kidney/Riboseq/fastq/finalfastq_forbam_GSM/GSM5281847.fastq.gz
SRX10773173.fastq.gz	GSM5281848	/home/jiye/jiye/darkproteome/data/RPFdb/kidney/Riboseq/fastq/finalfastq_forbam_GSM/GSM5281848.fastq.gz
SRX10773174.fastq.gz	GSM5281849	/home/jiye/jiye/darkproteome/data/RPFdb/kidney/Riboseq/fastq/finalfastq_forbam_GSM/GSM5281849.fastq.gz
SRX10773175.fastq.gz	GSM5281850	/home/jiye/jiye/darkproteome/data/RPFdb/kidney/Riboseq/fastq/finalfastq_forbam_GSM/GSM5281850.fastq.gz
SRX10773176.fastq.gz	GSM5281851	/home/jiye/jiye/darkproteome/data/RPFdb/kidney/Riboseq/fastq/finalfastq_forbam_GSM/GSM5281851.fastq.gz
SRX1092012.fastq.gz	GSM1819217	/home/jiye/jiye/darkproteome/data/RPFdb/kidney/Riboseq/fastq/finalfastq_forbam_GSM/GSM1819217.fastq.gz
SRX1092013.fastq.gz	GSM1819218	/home/jiye/jiye/darkproteome/data/RPFdb/kidney/Riboseq/fastq/finalfastq_forbam_GSM/GSM1819218.fastq.gz
SRX1092014.fastq.gz	GSM1819219	/home/jiye/jiye/darkproteome/data/RPFdb/kidney/Riboseq/fastq/finalfastq_forbam_GSM/GSM1819219.fastq.gz
SRX1092015.fastq.gz	GSM1819220	/home/jiye/jiye/darkproteome/data/RPFdb/kidney/Riboseq/fastq/finalfastq_forbam_GSM/GSM1819220.fastq.gz
SRX1092016.fastq.gz	GSM1819221	/home/jiye/jiye/darkproteome/data/RPFdb/kidney/Riboseq/fastq/finalfastq_forbam_GSM/GSM1819221.fastq.gz
SRX1092017.fastq.gz	GSM1819222	/home/jiye/jiye/darkproteome/data/RPFdb/kidney/Riboseq/fastq/finalfastq_forbam_GSM/GSM1819222.fastq.gz
SRX1092018.fastq.gz	GSM1819223	/home/jiye/jiye/darkproteome/data/RPFdb/kidney/Riboseq/fastq/finalfastq_forbam_GSM/GSM1819223.fastq.gz
SRX1092019.fastq.gz	GSM1819224	/home/jiye/jiye/darkproteome/data/RPFdb/kidney/Riboseq/fastq/finalfastq_forbam_GSM/GSM1819224.fastq.gz
SRX1092020.fastq.gz	GSM1819225	/home/jiye/jiye/darkproteome/data/RPFdb/kidney/Riboseq/fastq/finalfastq_forbam_GSM/GSM1819225.fastq.gz
SRX1092021.fastq.gz	GSM1819226	/home/jiye/jiye/darkproteome/data/RPFdb/kidney/Riboseq/fastq/finalfastq_forbam_GSM/GSM1819226.fastq.gz
SRX1092022.fastq.gz	GSM1819227	/home/jiye/jiye/darkproteome/data/RPFdb/kidney/Riboseq/fastq/finalfastq_forbam_GSM/GSM1819227.fastq.gz
SRX1092023.fastq.gz	GSM1819228	/home/jiye/jiye/darkproteome/data/RPFdb/kidney/Riboseq/fastq/finalfastq_forbam_GSM/GSM1819228.fastq.gz
SRX10949048.fastq.gz	GSM5326922	/home/jiye/jiye/darkproteome/data/RPFdb/kidney/Riboseq/fastq/finalfastq_forbam_GSM/GSM5326922.fastq.gz
SRX10949049.fastq.gz	GSM5326923	/home/jiye/jiye/darkproteome/data/RPFdb/kidney/Riboseq/fastq/finalfastq_forbam_GSM/GSM5326923.fastq.gz
SRX10949050.fastq.gz	GSM5326924	/home/jiye/jiye/darkproteome/data/RPFdb/kidney/Riboseq/fastq/finalfastq_forbam_GSM/GSM5326924.fastq.gz
SRX10949051.fastq.gz	GSM5326925	/home/jiye/jiye/darkproteome/data/RPFdb/kidney/Riboseq/fastq/finalfastq_forbam_GSM/GSM5326925.fastq.gz
SRX10949052.fastq.gz	GSM5326926	/home/jiye/jiye/darkproteome/data/RPFdb/kidney/Riboseq/fastq/finalfastq_forbam_GSM/GSM5326926.fastq.gz
SRX10949053.fastq.gz	GSM5326927	/home/jiye/jiye/darkproteome/data/RPFdb/kidney/Riboseq/fastq/finalfastq_forbam_GSM/GSM5326927.fastq.gz
SRX10949054.fastq.gz	GSM5326928	/home/jiye/jiye/darkproteome/data/RPFdb/kidney/Riboseq/fastq/finalfastq_forbam_GSM/GSM5326928.fastq.gz
SRX10949055.fastq.gz	GSM5326929	/home/jiye/jiye/darkproteome/data/RPFdb/kidney/Riboseq/fastq/finalfastq_forbam_GSM/GSM5326929.fastq.gz
SRX10949056.fastq.gz	GSM5326930	/home/jiye/jiye/darkproteome/data/RPFdb/kidney/Riboseq/fastq/finalfastq_forbam_GSM/GSM5326930.fastq.gz
SRX10949057.fastq.gz	GSM5326931	/home/jiye/jiye/darkproteome/data/RPFdb/kidney/Riboseq/fastq/finalfastq_forbam_GSM/GSM5326931.fastq.gz
SRX10949058.fastq.gz	GSM5326932	/home/jiye/jiye/darkproteome/data/RPFdb/kidney/Riboseq/fastq/finalfastq_forbam_GSM/GSM5326932.fastq.gz
SRX10949059.fastq.gz	GSM5326933	/home/jiye/jiye/darkproteome/data/RPFdb/kidney/Riboseq/fastq/finalfastq_forbam_GSM/GSM5326933.fastq.gz
SRX11051754.fastq.gz	GSM5354292	/home/jiye/jiye/darkproteome/data/RPFdb/kidney/Riboseq/fastq/finalfastq_forbam_GSM/GSM5354292.fastq.gz
SRX11051755.fastq.gz	GSM5354293	/home/jiye/jiye/darkproteome/data/RPFdb/kidney/Riboseq/fastq/finalfastq_forbam_GSM/GSM5354293.fastq.gz
SRX11051756.fastq.gz	GSM5354294	/home/jiye/jiye/darkproteome/data/RPFdb/kidney/Riboseq/fastq/finalfastq_forbam_GSM/GSM5354294.fastq.gz
SRX11051757.fastq.gz	GSM5354295	/home/jiye/jiye/darkproteome/data/RPFdb/kidney/Riboseq/fastq/finalfastq_forbam_GSM/GSM5354295.fastq.gz
SRX11051758.fastq.gz	GSM5354296	/home/jiye/jiye/darkproteome/data/RPFdb/kidney/Riboseq/fastq/finalfastq_forbam_GSM/GSM5354296.fastq.gz
SRX11051759.fastq.gz	GSM5354297	/home/jiye/jiye/darkproteome/data/RPFdb/kidney/Riboseq/fastq/finalfastq_forbam_GSM/GSM5354297.fastq.gz
SRX1254413.fastq.gz	GSM1887643	/home/jiye/jiye/darkproteome/data/RPFdb/kidney/Riboseq/fastq/finalfastq_forbam_GSM/GSM1887643.fastq.gz
SRX13767472.fastq.gz	GSM5814909	/home/jiye/jiye/darkproteome/data/RPFdb/kidney/Riboseq/fastq/finalfastq_forbam_GSM/GSM5814909.fastq.gz
SRX13767473.fastq.gz	GSM5814910	/home/jiye/jiye/darkproteome/data/RPFdb/kidney/Riboseq/fastq/finalfastq_forbam_GSM/GSM5814910.fastq.gz
SRX13767474.fastq.gz	GSM5814911	/home/jiye/jiye/darkproteome/data/RPFdb/kidney/Riboseq/fastq/finalfastq_forbam_GSM/GSM5814911.fastq.gz
SRX13767475.fastq.gz	GSM5814912	/home/jiye/jiye/darkproteome/data/RPFdb/kidney/Riboseq/fastq/finalfastq_forbam_GSM/GSM5814912.fastq.gz
SRX13767476.fastq.gz	GSM5814913	/home/jiye/jiye/darkproteome/data/RPFdb/kidney/Riboseq/fastq/finalfastq_forbam_GSM/GSM5814913.fastq.gz
SRX13767477.fastq.gz	GSM5814914	/home/jiye/jiye/darkproteome/data/RPFdb/kidney/Riboseq/fastq/finalfastq_forbam_GSM/GSM5814914.fastq.gz
SRX13767478.fastq.gz	GSM5814915	/home/jiye/jiye/darkproteome/data/RPFdb/kidney/Riboseq/fastq/finalfastq_forbam_GSM/GSM5814915.fastq.gz
SRX13767479.fastq.gz	GSM5814916	/home/jiye/jiye/darkproteome/data/RPFdb/kidney/Riboseq/fastq/finalfastq_forbam_GSM/GSM5814916.fastq.gz
SRX13767480.fastq.gz	GSM5814917	/home/jiye/jiye/darkproteome/data/RPFdb/kidney/Riboseq/fastq/finalfastq_forbam_GSM/GSM5814917.fastq.gz
SRX13767481.fastq.gz	GSM5814918	/home/jiye/jiye/darkproteome/data/RPFdb/kidney/Riboseq/fastq/finalfastq_forbam_GSM/GSM5814918.fastq.gz
SRX13767482.fastq.gz	GSM5814919	/home/jiye/jiye/darkproteome/data/RPFdb/kidney/Riboseq/fastq/finalfastq_forbam_GSM/GSM5814919.fastq.gz
SRX13767483.fastq.gz	GSM5814920	/home/jiye/jiye/darkproteome/data/RPFdb/kidney/Riboseq/fastq/finalfastq_forbam_GSM/GSM5814920.fastq.gz
SRX13767484.fastq.gz	GSM5814921	/home/jiye/jiye/darkproteome/data/RPFdb/kidney/Riboseq/fastq/finalfastq_forbam_GSM/GSM5814921.fastq.gz
SRX13767485.fastq.gz	GSM5814922	/home/jiye/jiye/darkproteome/data/RPFdb/kidney/Riboseq/fastq/finalfastq_forbam_GSM/GSM5814922.fastq.gz
SRX1402454.fastq.gz	GSM1922046	/home/jiye/jiye/darkproteome/data/RPFdb/kidney/Riboseq/fastq/finalfastq_forbam_GSM/GSM1922046.fastq.gz
SRX1402455.fastq.gz	GSM1922047	/home/jiye/jiye/darkproteome/data/RPFdb/kidney/Riboseq/fastq/finalfastq_forbam_GSM/GSM1922047.fastq.gz
SRX1402457.fastq.gz	GSM1922048	/home/jiye/jiye/darkproteome/data/RPFdb/kidney/Riboseq/fastq/finalfastq_forbam_GSM/GSM1922048.fastq.gz
SRX1402458.fastq.gz	GSM1922049	/home/jiye/jiye/darkproteome/data/RPFdb/kidney/Riboseq/fastq/finalfastq_forbam_GSM/GSM1922049.fastq.gz
SRX145829.fastq.gz	GSM926674	/home/jiye/jiye/darkproteome/data/RPFdb/kidney/Riboseq/fastq/finalfastq_forbam_GSM/GSM926674.fastq.gz
SRX145830.fastq.gz	GSM926675	/home/jiye/jiye/darkproteome/data/RPFdb/kidney/Riboseq/fastq/finalfastq_forbam_GSM/GSM926675.fastq.gz
SRX145831.fastq.gz	GSM926676	/home/jiye/jiye/darkproteome/data/RPFdb/kidney/Riboseq/fastq/finalfastq_forbam_GSM/GSM926676.fastq.gz
SRX1690314.fastq.gz	GSM2113580	/home/jiye/jiye/darkproteome/data/RPFdb/kidney/Riboseq/fastq/finalfastq_forbam_GSM/GSM2113580.fastq.gz
SRX1690318.fastq.gz	GSM2113584	/home/jiye/jiye/darkproteome/data/RPFdb/kidney/Riboseq/fastq/finalfastq_forbam_GSM/GSM2113584.fastq.gz
SRX1690319.fastq.gz	GSM2113585	/home/jiye/jiye/darkproteome/data/RPFdb/kidney/Riboseq/fastq/finalfastq_forbam_GSM/GSM2113585.fastq.gz
SRX217028.fastq.gz	GSM1063575	/home/jiye/jiye/darkproteome/data/RPFdb/kidney/Riboseq/fastq/finalfastq_forbam_GSM/GSM1063575.fastq.gz
SRX217029.fastq.gz	GSM1063576	/home/jiye/jiye/darkproteome/data/RPFdb/kidney/Riboseq/fastq/finalfastq_forbam_GSM/GSM1063576.fastq.gz
SRX217030.fastq.gz	GSM1063577	/home/jiye/jiye/darkproteome/data/RPFdb/kidney/Riboseq/fastq/finalfastq_forbam_GSM/GSM1063577.fastq.gz
SRX217031.fastq.gz	GSM1063578	/home/jiye/jiye/darkproteome/data/RPFdb/kidney/Riboseq/fastq/finalfastq_forbam_GSM/GSM1063578.fastq.gz
SRX2457063.fastq.gz	GSM2443016	/home/jiye/jiye/darkproteome/data/RPFdb/kidney/Riboseq/fastq/finalfastq_forbam_GSM/GSM2443016.fastq.gz
SRX2457064.fastq.gz	GSM2443017	/home/jiye/jiye/darkproteome/data/RPFdb/kidney/Riboseq/fastq/finalfastq_forbam_GSM/GSM2443017.fastq.gz
SRX2457065.fastq.gz	GSM2443018	/home/jiye/jiye/darkproteome/data/RPFdb/kidney/Riboseq/fastq/finalfastq_forbam_GSM/GSM2443018.fastq.gz
SRX2457066.fastq.gz	GSM2443019	/home/jiye/jiye/darkproteome/data/RPFdb/kidney/Riboseq/fastq/finalfastq_forbam_GSM/GSM2443019.fastq.gz
SRX2457067.fastq.gz	GSM2443020	/home/jiye/jiye/darkproteome/data/RPFdb/kidney/Riboseq/fastq/finalfastq_forbam_GSM/GSM2443020.fastq.gz
SRX2457068.fastq.gz	GSM2443021	/home/jiye/jiye/darkproteome/data/RPFdb/kidney/Riboseq/fastq/finalfastq_forbam_GSM/GSM2443021.fastq.gz
SRX2457069.fastq.gz	GSM2443022	/home/jiye/jiye/darkproteome/data/RPFdb/kidney/Riboseq/fastq/finalfastq_forbam_GSM/GSM2443022.fastq.gz
SRX2457070.fastq.gz	GSM2443023	/home/jiye/jiye/darkproteome/data/RPFdb/kidney/Riboseq/fastq/finalfastq_forbam_GSM/GSM2443023.fastq.gz
SRX2457071.fastq.gz	GSM2443024	/home/jiye/jiye/darkproteome/data/RPFdb/kidney/Riboseq/fastq/finalfastq_forbam_GSM/GSM2443024.fastq.gz
SRX2457072.fastq.gz	GSM2443025	/home/jiye/jiye/darkproteome/data/RPFdb/kidney/Riboseq/fastq/finalfastq_forbam_GSM/GSM2443025.fastq.gz
SRX2457073.fastq.gz	GSM2443026	/home/jiye/jiye/darkproteome/data/RPFdb/kidney/Riboseq/fastq/finalfastq_forbam_GSM/GSM2443026.fastq.gz
SRX2457074.fastq.gz	GSM2443027	/home/jiye/jiye/darkproteome/data/RPFdb/kidney/Riboseq/fastq/finalfastq_forbam_GSM/GSM2443027.fastq.gz
SRX2463227.fastq.gz	GSM2445294	/home/jiye/jiye/darkproteome/data/RPFdb/kidney/Riboseq/fastq/finalfastq_forbam_GSM/GSM2445294.fastq.gz
SRX2463228.fastq.gz	GSM2445295	/home/jiye/jiye/darkproteome/data/RPFdb/kidney/Riboseq/fastq/finalfastq_forbam_GSM/GSM2445295.fastq.gz
SRX2463229.fastq.gz	GSM2445296	/home/jiye/jiye/darkproteome/data/RPFdb/kidney/Riboseq/fastq/finalfastq_forbam_GSM/GSM2445296.fastq.gz
SRX2463230.fastq.gz	GSM2445297	/home/jiye/jiye/darkproteome/data/RPFdb/kidney/Riboseq/fastq/finalfastq_forbam_GSM/GSM2445297.fastq.gz
SRX2705106.fastq.gz	GSM2563629	/home/jiye/jiye/darkproteome/data/RPFdb/kidney/Riboseq/fastq/finalfastq_forbam_GSM/GSM2563629.fastq.gz
SRX2705107.fastq.gz	GSM2563630	/home/jiye/jiye/darkproteome/data/RPFdb/kidney/Riboseq/fastq/finalfastq_forbam_GSM/GSM2563630.fastq.gz
SRX2705108.fastq.gz	GSM2563631	/home/jiye/jiye/darkproteome/data/RPFdb/kidney/Riboseq/fastq/finalfastq_forbam_GSM/GSM2563631.fastq.gz
SRX2705109.fastq.gz	GSM2563632	/home/jiye/jiye/darkproteome/data/RPFdb/kidney/Riboseq/fastq/finalfastq_forbam_GSM/GSM2563632.fastq.gz
SRX3048921.fastq.gz	GSM2722301	/home/jiye/jiye/darkproteome/data/RPFdb/kidney/Riboseq/fastq/finalfastq_forbam_GSM/GSM2722301.fastq.gz
SRX3101964.fastq.gz	GSM2746367	/home/jiye/jiye/darkproteome/data/RPFdb/kidney/Riboseq/fastq/finalfastq_forbam_GSM/GSM2746367.fastq.gz
SRX3101965.fastq.gz	GSM2746368	/home/jiye/jiye/darkproteome/data/RPFdb/kidney/Riboseq/fastq/finalfastq_forbam_GSM/GSM2746368.fastq.gz
SRX3101966.fastq.gz	GSM2746369	/home/jiye/jiye/darkproteome/data/RPFdb/kidney/Riboseq/fastq/finalfastq_forbam_GSM/GSM2746369.fastq.gz
SRX3101967.fastq.gz	GSM2746370	/home/jiye/jiye/darkproteome/data/RPFdb/kidney/Riboseq/fastq/finalfastq_forbam_GSM/GSM2746370.fastq.gz
SRX384671.fastq.gz	GSM1276542	/home/jiye/jiye/darkproteome/data/RPFdb/kidney/Riboseq/fastq/finalfastq_forbam_GSM/GSM1276542.fastq.gz
SRX474109.fastq.gz	GSM1331342	/home/jiye/jiye/darkproteome/data/RPFdb/kidney/Riboseq/fastq/finalfastq_forbam_GSM/GSM1331342.fastq.gz
SRX474111.fastq.gz	GSM1331344	/home/jiye/jiye/darkproteome/data/RPFdb/kidney/Riboseq/fastq/finalfastq_forbam_GSM/GSM1331344.fastq.gz
SRX474113.fastq.gz	GSM1331346	/home/jiye/jiye/darkproteome/data/RPFdb/kidney/Riboseq/fastq/finalfastq_forbam_GSM/GSM1331346.fastq.gz
SRX474115.fastq.gz	GSM1331348	/home/jiye/jiye/darkproteome/data/RPFdb/kidney/Riboseq/fastq/finalfastq_forbam_GSM/GSM1331348.fastq.gz
SRX5213367.fastq.gz	GSM3544711	/home/jiye/jiye/darkproteome/data/RPFdb/kidney/Riboseq/fastq/finalfastq_forbam_GSM/GSM3544711.fastq.gz
SRX5213368.fastq.gz	GSM3544712	/home/jiye/jiye/darkproteome/data/RPFdb/kidney/Riboseq/fastq/finalfastq_forbam_GSM/GSM3544712.fastq.gz
SRX5213369.fastq.gz	GSM3544713	/home/jiye/jiye/darkproteome/data/RPFdb/kidney/Riboseq/fastq/finalfastq_forbam_GSM/GSM3544713.fastq.gz
SRX5213370.fastq.gz	GSM3544714	/home/jiye/jiye/darkproteome/data/RPFdb/kidney/Riboseq/fastq/finalfastq_forbam_GSM/GSM3544714.fastq.gz
SRX5213371.fastq.gz	GSM3544715	/home/jiye/jiye/darkproteome/data/RPFdb/kidney/Riboseq/fastq/finalfastq_forbam_GSM/GSM3544715.fastq.gz
SRX5213372.fastq.gz	GSM3544716	/home/jiye/jiye/darkproteome/data/RPFdb/kidney/Riboseq/fastq/finalfastq_forbam_GSM/GSM3544716.fastq.gz
SRX5213373.fastq.gz	GSM3544717	/home/jiye/jiye/darkproteome/data/RPFdb/kidney/Riboseq/fastq/finalfastq_forbam_GSM/GSM3544717.fastq.gz
SRX5213374.fastq.gz	GSM3544718	/home/jiye/jiye/darkproteome/data/RPFdb/kidney/Riboseq/fastq/finalfastq_forbam_GSM/GSM3544718.fastq.gz
SRX5797779.fastq.gz	GSM3753501	/home/jiye/jiye/darkproteome/data/RPFdb/kidney/Riboseq/fastq/finalfastq_forbam_GSM/GSM3753501.fastq.gz
SRX5797780.fastq.gz	GSM3753502	/home/jiye/jiye/darkproteome/data/RPFdb/kidney/Riboseq/fastq/finalfastq_forbam_GSM/GSM3753502.fastq.gz
SRX5797781.fastq.gz	GSM3753503	/home/jiye/jiye/darkproteome/data/RPFdb/kidney/Riboseq/fastq/finalfastq_forbam_GSM/GSM3753503.fastq.gz
SRX5797784.fastq.gz	GSM3753506	/home/jiye/jiye/darkproteome/data/RPFdb/kidney/Riboseq/fastq/finalfastq_forbam_GSM/GSM3753506.fastq.gz
SRX5797785.fastq.gz	GSM3753507	/home/jiye/jiye/darkproteome/data/RPFdb/kidney/Riboseq/fastq/finalfastq_forbam_GSM/GSM3753507.fastq.gz
SRX5797788.fastq.gz	GSM3753510	/home/jiye/jiye/darkproteome/data/RPFdb/kidney/Riboseq/fastq/finalfastq_forbam_GSM/GSM3753510.fastq.gz
SRX5797789.fastq.gz	GSM3753511	/home/jiye/jiye/darkproteome/data/RPFdb/kidney/Riboseq/fastq/finalfastq_forbam_GSM/GSM3753511.fastq.gz
SRX5797792.fastq.gz	GSM3753514	/home/jiye/jiye/darkproteome/data/RPFdb/kidney/Riboseq/fastq/finalfastq_forbam_GSM/GSM3753514.fastq.gz
SRX5797793.fastq.gz	GSM3753515	/home/jiye/jiye/darkproteome/data/RPFdb/kidney/Riboseq/fastq/finalfastq_forbam_GSM/GSM3753515.fastq.gz
SRX5797794.fastq.gz	GSM3753516	/home/jiye/jiye/darkproteome/data/RPFdb/kidney/Riboseq/fastq/finalfastq_forbam_GSM/GSM3753516.fastq.gz
SRX5797797.fastq.gz	GSM3753519	/home/jiye/jiye/darkproteome/data/RPFdb/kidney/Riboseq/fastq/finalfastq_forbam_GSM/GSM3753519.fastq.gz
SRX5797798.fastq.gz	GSM3753520	/home/jiye/jiye/darkproteome/data/RPFdb/kidney/Riboseq/fastq/finalfastq_forbam_GSM/GSM3753520.fastq.gz
SRX6065269.fastq.gz	GSM3889077	/home/jiye/jiye/darkproteome/data/RPFdb/kidney/Riboseq/fastq/finalfastq_forbam_GSM/GSM3889077.fastq.gz
SRX6065270.fastq.gz	GSM3889078	/home/jiye/jiye/darkproteome/data/RPFdb/kidney/Riboseq/fastq/finalfastq_forbam_GSM/GSM3889078.fastq.gz
SRX6065271.fastq.gz	GSM3889079	/home/jiye/jiye/darkproteome/data/RPFdb/kidney/Riboseq/fastq/finalfastq_forbam_GSM/GSM3889079.fastq.gz
SRX6065272.fastq.gz	GSM3889080	/home/jiye/jiye/darkproteome/data/RPFdb/kidney/Riboseq/fastq/finalfastq_forbam_GSM/GSM3889080.fastq.gz
SRX6065277.fastq.gz	GSM3889085	/home/jiye/jiye/darkproteome/data/RPFdb/kidney/Riboseq/fastq/finalfastq_forbam_GSM/GSM3889085.fastq.gz
SRX6065278.fastq.gz	GSM3889086	/home/jiye/jiye/darkproteome/data/RPFdb/kidney/Riboseq/fastq/finalfastq_forbam_GSM/GSM3889086.fastq.gz
SRX6065279.fastq.gz	GSM3889087	/home/jiye/jiye/darkproteome/data/RPFdb/kidney/Riboseq/fastq/finalfastq_forbam_GSM/GSM3889087.fastq.gz
SRX6065280.fastq.gz	GSM3889088	/home/jiye/jiye/darkproteome/data/RPFdb/kidney/Riboseq/fastq/finalfastq_forbam_GSM/GSM3889088.fastq.gz
SRX6065285.fastq.gz	GSM3889093	/home/jiye/jiye/darkproteome/data/RPFdb/kidney/Riboseq/fastq/finalfastq_forbam_GSM/GSM3889093.fastq.gz
SRX6065286.fastq.gz	GSM3889094	/home/jiye/jiye/darkproteome/data/RPFdb/kidney/Riboseq/fastq/finalfastq_forbam_GSM/GSM3889094.fastq.gz
SRX6065287.fastq.gz	GSM3889095	/home/jiye/jiye/darkproteome/data/RPFdb/kidney/Riboseq/fastq/finalfastq_forbam_GSM/GSM3889095.fastq.gz
SRX6065288.fastq.gz	GSM3889096	/home/jiye/jiye/darkproteome/data/RPFdb/kidney/Riboseq/fastq/finalfastq_forbam_GSM/GSM3889096.fastq.gz
SRX6369535.fastq.gz	GSM3907597	/home/jiye/jiye/darkproteome/data/RPFdb/kidney/Riboseq/fastq/finalfastq_forbam_GSM/GSM3907597.fastq.gz
SRX6369536.fastq.gz	GSM3907598	/home/jiye/jiye/darkproteome/data/RPFdb/kidney/Riboseq/fastq/finalfastq_forbam_GSM/GSM3907598.fastq.gz
SRX646183.fastq.gz	GSM1427362	/home/jiye/jiye/darkproteome/data/RPFdb/kidney/Riboseq/fastq/finalfastq_forbam_GSM/GSM1427362.fastq.gz
SRX646184.fastq.gz	GSM1427363	/home/jiye/jiye/darkproteome/data/RPFdb/kidney/Riboseq/fastq/finalfastq_forbam_GSM/GSM1427363.fastq.gz
SRX646185.fastq.gz	GSM1427364	/home/jiye/jiye/darkproteome/data/RPFdb/kidney/Riboseq/fastq/finalfastq_forbam_GSM/GSM1427364.fastq.gz
SRX6494016.fastq.gz	GSM3966949	/home/jiye/jiye/darkproteome/data/RPFdb/kidney/Riboseq/fastq/finalfastq_forbam_GSM/GSM3966949.fastq.gz
SRX6494017.fastq.gz	GSM3966950	/home/jiye/jiye/darkproteome/data/RPFdb/kidney/Riboseq/fastq/finalfastq_forbam_GSM/GSM3966950.fastq.gz
SRX6494018.fastq.gz	GSM3966951	/home/jiye/jiye/darkproteome/data/RPFdb/kidney/Riboseq/fastq/finalfastq_forbam_GSM/GSM3966951.fastq.gz
SRX6494019.fastq.gz	GSM3966952	/home/jiye/jiye/darkproteome/data/RPFdb/kidney/Riboseq/fastq/finalfastq_forbam_GSM/GSM3966952.fastq.gz
SRX6494020.fastq.gz	GSM3966953	/home/jiye/jiye/darkproteome/data/RPFdb/kidney/Riboseq/fastq/finalfastq_forbam_GSM/GSM3966953.fastq.gz
SRX6494021.fastq.gz	GSM3966954	/home/jiye/jiye/darkproteome/data/RPFdb/kidney/Riboseq/fastq/finalfastq_forbam_GSM/GSM3966954.fastq.gz
SRX663295.fastq.gz	GSM1446874	/home/jiye/jiye/darkproteome/data/RPFdb/kidney/Riboseq/fastq/finalfastq_forbam_GSM/GSM1446874.fastq.gz
SRX663296.fastq.gz	GSM1446875	/home/jiye/jiye/darkproteome/data/RPFdb/kidney/Riboseq/fastq/finalfastq_forbam_GSM/GSM1446875.fastq.gz
SRX663297.fastq.gz	GSM1446876	/home/jiye/jiye/darkproteome/data/RPFdb/kidney/Riboseq/fastq/finalfastq_forbam_GSM/GSM1446876.fastq.gz
SRX663298.fastq.gz	GSM1446877	/home/jiye/jiye/darkproteome/data/RPFdb/kidney/Riboseq/fastq/finalfastq_forbam_GSM/GSM1446877.fastq.gz
SRX663299.fastq.gz	GSM1446878	/home/jiye/jiye/darkproteome/data/RPFdb/kidney/Riboseq/fastq/finalfastq_forbam_GSM/GSM1446878.fastq.gz
SRX663300.fastq.gz	GSM1446879	/home/jiye/jiye/darkproteome/data/RPFdb/kidney/Riboseq/fastq/finalfastq_forbam_GSM/GSM1446879.fastq.gz
SRX669416.fastq.gz	GSM1464903	/home/jiye/jiye/darkproteome/data/RPFdb/kidney/Riboseq/fastq/finalfastq_forbam_GSM/GSM1464903.fastq.gz
SRX669417.fastq.gz	GSM1464904	/home/jiye/jiye/darkproteome/data/RPFdb/kidney/Riboseq/fastq/finalfastq_forbam_GSM/GSM1464904.fastq.gz
SRX6806071.fastq.gz	GSM4062072	/home/jiye/jiye/darkproteome/data/RPFdb/kidney/Riboseq/fastq/finalfastq_forbam_GSM/GSM4062072.fastq.gz
SRX6806072.fastq.gz	GSM4062073	/home/jiye/jiye/darkproteome/data/RPFdb/kidney/Riboseq/fastq/finalfastq_forbam_GSM/GSM4062073.fastq.gz
SRX6806073.fastq.gz	GSM4062074	/home/jiye/jiye/darkproteome/data/RPFdb/kidney/Riboseq/fastq/finalfastq_forbam_GSM/GSM4062074.fastq.gz
SRX6806074.fastq.gz	GSM4062075	/home/jiye/jiye/darkproteome/data/RPFdb/kidney/Riboseq/fastq/finalfastq_forbam_GSM/GSM4062075.fastq.gz
SRX6806075.fastq.gz	GSM4062076	/home/jiye/jiye/darkproteome/data/RPFdb/kidney/Riboseq/fastq/finalfastq_forbam_GSM/GSM4062076.fastq.gz
SRX6806076.fastq.gz	GSM4062077	/home/jiye/jiye/darkproteome/data/RPFdb/kidney/Riboseq/fastq/finalfastq_forbam_GSM/GSM4062077.fastq.gz
SRX6806077.fastq.gz	GSM4062078	/home/jiye/jiye/darkproteome/data/RPFdb/kidney/Riboseq/fastq/finalfastq_forbam_GSM/GSM4062078.fastq.gz
SRX6806078.fastq.gz	GSM4062079	/home/jiye/jiye/darkproteome/data/RPFdb/kidney/Riboseq/fastq/finalfastq_forbam_GSM/GSM4062079.fastq.gz
SRX6806079.fastq.gz	GSM4062080	/home/jiye/jiye/darkproteome/data/RPFdb/kidney/Riboseq/fastq/finalfastq_forbam_GSM/GSM4062080.fastq.gz
SRX6806080.fastq.gz	GSM4062081	/home/jiye/jiye/darkproteome/data/RPFdb/kidney/Riboseq/fastq/finalfastq_forbam_GSM/GSM4062081.fastq.gz
SRX6806081.fastq.gz	GSM4062082	/home/jiye/jiye/darkproteome/data/RPFdb/kidney/Riboseq/fastq/finalfastq_forbam_GSM/GSM4062082.fastq.gz
SRX6806082.fastq.gz	GSM4062083	/home/jiye/jiye/darkproteome/data/RPFdb/kidney/Riboseq/fastq/finalfastq_forbam_GSM/GSM4062083.fastq.gz
SRX6806083.fastq.gz	GSM4062084	/home/jiye/jiye/darkproteome/data/RPFdb/kidney/Riboseq/fastq/finalfastq_forbam_GSM/GSM4062084.fastq.gz
SRX6806084.fastq.gz	GSM4062085	/home/jiye/jiye/darkproteome/data/RPFdb/kidney/Riboseq/fastq/finalfastq_forbam_GSM/GSM4062085.fastq.gz
SRX6806085.fastq.gz	GSM4062086	/home/jiye/jiye/darkproteome/data/RPFdb/kidney/Riboseq/fastq/finalfastq_forbam_GSM/GSM4062086.fastq.gz
SRX6806086.fastq.gz	GSM4062087	/home/jiye/jiye/darkproteome/data/RPFdb/kidney/Riboseq/fastq/finalfastq_forbam_GSM/GSM4062087.fastq.gz
SRX6806087.fastq.gz	GSM4062088	/home/jiye/jiye/darkproteome/data/RPFdb/kidney/Riboseq/fastq/finalfastq_forbam_GSM/GSM4062088.fastq.gz
SRX6969279.fastq.gz	GSM4114767	/home/jiye/jiye/darkproteome/data/RPFdb/kidney/Riboseq/fastq/finalfastq_forbam_GSM/GSM4114767.fastq.gz
SRX6969280.fastq.gz	GSM4114768	/home/jiye/jiye/darkproteome/data/RPFdb/kidney/Riboseq/fastq/finalfastq_forbam_GSM/GSM4114768.fastq.gz
SRX6969281.fastq.gz	GSM4114769	/home/jiye/jiye/darkproteome/data/RPFdb/kidney/Riboseq/fastq/finalfastq_forbam_GSM/GSM4114769.fastq.gz
SRX6969282.fastq.gz	GSM4114770	/home/jiye/jiye/darkproteome/data/RPFdb/kidney/Riboseq/fastq/finalfastq_forbam_GSM/GSM4114770.fastq.gz
SRX6969283.fastq.gz	GSM4114771	/home/jiye/jiye/darkproteome/data/RPFdb/kidney/Riboseq/fastq/finalfastq_forbam_GSM/GSM4114771.fastq.gz
SRX6969284.fastq.gz	GSM4114772	/home/jiye/jiye/darkproteome/data/RPFdb/kidney/Riboseq/fastq/finalfastq_forbam_GSM/GSM4114772.fastq.gz
SRX6969285.fastq.gz	GSM4114773	/home/jiye/jiye/darkproteome/data/RPFdb/kidney/Riboseq/fastq/finalfastq_forbam_GSM/GSM4114773.fastq.gz
SRX6969286.fastq.gz	GSM4114774	/home/jiye/jiye/darkproteome/data/RPFdb/kidney/Riboseq/fastq/finalfastq_forbam_GSM/GSM4114774.fastq.gz
SRX6969287.fastq.gz	GSM4114775	/home/jiye/jiye/darkproteome/data/RPFdb/kidney/Riboseq/fastq/finalfastq_forbam_GSM/GSM4114775.fastq.gz
SRX6969288.fastq.gz	GSM4114776	/home/jiye/jiye/darkproteome/data/RPFdb/kidney/Riboseq/fastq/finalfastq_forbam_GSM/GSM4114776.fastq.gz
SRX6969289.fastq.gz	GSM4114777	/home/jiye/jiye/darkproteome/data/RPFdb/kidney/Riboseq/fastq/finalfastq_forbam_GSM/GSM4114777.fastq.gz
SRX6969290.fastq.gz	GSM4114778	/home/jiye/jiye/darkproteome/data/RPFdb/kidney/Riboseq/fastq/finalfastq_forbam_GSM/GSM4114778.fastq.gz
SRX6969291.fastq.gz	GSM4114779	/home/jiye/jiye/darkproteome/data/RPFdb/kidney/Riboseq/fastq/finalfastq_forbam_GSM/GSM4114779.fastq.gz
SRX6969292.fastq.gz	GSM4114780	/home/jiye/jiye/darkproteome/data/RPFdb/kidney/Riboseq/fastq/finalfastq_forbam_GSM/GSM4114780.fastq.gz
SRX6969293.fastq.gz	GSM4114781	/home/jiye/jiye/darkproteome/data/RPFdb/kidney/Riboseq/fastq/finalfastq_forbam_GSM/GSM4114781.fastq.gz
SRX6969294.fastq.gz	GSM4114782	/home/jiye/jiye/darkproteome/data/RPFdb/kidney/Riboseq/fastq/finalfastq_forbam_GSM/GSM4114782.fastq.gz
SRX6969295.fastq.gz	GSM4114783	/home/jiye/jiye/darkproteome/data/RPFdb/kidney/Riboseq/fastq/finalfastq_forbam_GSM/GSM4114783.fastq.gz
SRX6969296.fastq.gz	GSM4114784	/home/jiye/jiye/darkproteome/data/RPFdb/kidney/Riboseq/fastq/finalfastq_forbam_GSM/GSM4114784.fastq.gz
SRX6969305.fastq.gz	GSM4114793	/home/jiye/jiye/darkproteome/data/RPFdb/kidney/Riboseq/fastq/finalfastq_forbam_GSM/GSM4114793.fastq.gz
SRX6969306.fastq.gz	GSM4114794	/home/jiye/jiye/darkproteome/data/RPFdb/kidney/Riboseq/fastq/finalfastq_forbam_GSM/GSM4114794.fastq.gz
SRX6969307.fastq.gz	GSM4114795	/home/jiye/jiye/darkproteome/data/RPFdb/kidney/Riboseq/fastq/finalfastq_forbam_GSM/GSM4114795.fastq.gz
SRX6969308.fastq.gz	GSM4114796	/home/jiye/jiye/darkproteome/data/RPFdb/kidney/Riboseq/fastq/finalfastq_forbam_GSM/GSM4114796.fastq.gz
SRX6969309.fastq.gz	GSM4114797	/home/jiye/jiye/darkproteome/data/RPFdb/kidney/Riboseq/fastq/finalfastq_forbam_GSM/GSM4114797.fastq.gz
SRX6969310.fastq.gz	GSM4114798	/home/jiye/jiye/darkproteome/data/RPFdb/kidney/Riboseq/fastq/finalfastq_forbam_GSM/GSM4114798.fastq.gz
SRX6969311.fastq.gz	GSM4114799	/home/jiye/jiye/darkproteome/data/RPFdb/kidney/Riboseq/fastq/finalfastq_forbam_GSM/GSM4114799.fastq.gz
SRX6969312.fastq.gz	GSM4114800	/home/jiye/jiye/darkproteome/data/RPFdb/kidney/Riboseq/fastq/finalfastq_forbam_GSM/GSM4114800.fastq.gz
SRX6969313.fastq.gz	GSM4114801	/home/jiye/jiye/darkproteome/data/RPFdb/kidney/Riboseq/fastq/finalfastq_forbam_GSM/GSM4114801.fastq.gz
SRX7082853.fastq.gz	GSM4146393	/home/jiye/jiye/darkproteome/data/RPFdb/kidney/Riboseq/fastq/finalfastq_forbam_GSM/GSM4146393.fastq.gz
SRX7082854.fastq.gz	GSM4146394	/home/jiye/jiye/darkproteome/data/RPFdb/kidney/Riboseq/fastq/finalfastq_forbam_GSM/GSM4146394.fastq.gz
SRX7082855.fastq.gz	GSM4146395	/home/jiye/jiye/darkproteome/data/RPFdb/kidney/Riboseq/fastq/finalfastq_forbam_GSM/GSM4146395.fastq.gz
SRX7082856.fastq.gz	GSM4146396	/home/jiye/jiye/darkproteome/data/RPFdb/kidney/Riboseq/fastq/finalfastq_forbam_GSM/GSM4146396.fastq.gz
SRX7136110.fastq.gz	GSM4160132	/home/jiye/jiye/darkproteome/data/RPFdb/kidney/Riboseq/fastq/finalfastq_forbam_GSM/GSM4160132.fastq.gz
SRX7136111.fastq.gz	GSM4160133	/home/jiye/jiye/darkproteome/data/RPFdb/kidney/Riboseq/fastq/finalfastq_forbam_GSM/GSM4160133.fastq.gz
SRX7136112.fastq.gz	GSM4160134	/home/jiye/jiye/darkproteome/data/RPFdb/kidney/Riboseq/fastq/finalfastq_forbam_GSM/GSM4160134.fastq.gz
SRX7136113.fastq.gz	GSM4160135	/home/jiye/jiye/darkproteome/data/RPFdb/kidney/Riboseq/fastq/finalfastq_forbam_GSM/GSM4160135.fastq.gz
SRX7136114.fastq.gz	GSM4160136	/home/jiye/jiye/darkproteome/data/RPFdb/kidney/Riboseq/fastq/finalfastq_forbam_GSM/GSM4160136.fastq.gz
SRX7136115.fastq.gz	GSM4160137	/home/jiye/jiye/darkproteome/data/RPFdb/kidney/Riboseq/fastq/finalfastq_forbam_GSM/GSM4160137.fastq.gz
SRX8333487.fastq.gz	GSM4550615	/home/jiye/jiye/darkproteome/data/RPFdb/kidney/Riboseq/fastq/finalfastq_forbam_GSM/GSM4550615.fastq.gz
SRX8333488.fastq.gz	GSM4550616	/home/jiye/jiye/darkproteome/data/RPFdb/kidney/Riboseq/fastq/finalfastq_forbam_GSM/GSM4550616.fastq.gz
SRX8333489.fastq.gz	GSM4550617	/home/jiye/jiye/darkproteome/data/RPFdb/kidney/Riboseq/fastq/finalfastq_forbam_GSM/GSM4550617.fastq.gz
SRX8333490.fastq.gz	GSM4550618	/home/jiye/jiye/darkproteome/data/RPFdb/kidney/Riboseq/fastq/finalfastq_forbam_GSM/GSM4550618.fastq.gz
SRX870804.fastq.gz	GSM1606107	/home/jiye/jiye/darkproteome/data/RPFdb/kidney/Riboseq/fastq/finalfastq_forbam_GSM/GSM1606107.fastq.gz
SRX870805.fastq.gz	GSM1606108	/home/jiye/jiye/darkproteome/data/RPFdb/kidney/Riboseq/fastq/finalfastq_forbam_GSM/GSM1606108.fastq.gz
SRX870806.fastq.gz	GSM1606109	/home/jiye/jiye/darkproteome/data/RPFdb/kidney/Riboseq/fastq/finalfastq_forbam_GSM/GSM1606109.fastq.gz
SRX870807.fastq.gz	GSM1606110	/home/jiye/jiye/darkproteome/data/RPFdb/kidney/Riboseq/fastq/finalfastq_forbam_GSM/GSM1606110.fastq.gz
SRX870808.fastq.gz	GSM1606111	/home/jiye/jiye/darkproteome/data/RPFdb/kidney/Riboseq/fastq/finalfastq_forbam_GSM/GSM1606111.fastq.gz
SRX870809.fastq.gz	GSM1606112	/home/jiye/jiye/darkproteome/data/RPFdb/kidney/Riboseq/fastq/finalfastq_forbam_GSM/GSM1606112.fastq.gz
SRX870810.fastq.gz	GSM1606113	/home/jiye/jiye/darkproteome/data/RPFdb/kidney/Riboseq/fastq/finalfastq_forbam_GSM/GSM1606113.fastq.gz
SRX870811.fastq.gz	GSM1606114	/home/jiye/jiye/darkproteome/data/RPFdb/kidney/Riboseq/fastq/finalfastq_forbam_GSM/GSM1606114.fastq.gz
SRX9141924.fastq.gz	GSM4793171	/home/jiye/jiye/darkproteome/data/RPFdb/kidney/Riboseq/fastq/finalfastq_forbam_GSM/GSM4793171.fastq.gz
SRX9141925.fastq.gz	GSM4793172	/home/jiye/jiye/darkproteome/data/RPFdb/kidney/Riboseq/fastq/finalfastq_forbam_GSM/GSM4793172.fastq.gz
SRX9141926.fastq.gz	GSM4793173	/home/jiye/jiye/darkproteome/data/RPFdb/kidney/Riboseq/fastq/finalfastq_forbam_GSM/GSM4793173.fastq.gz
SRX9141932.fastq.gz	GSM4793179	/home/jiye/jiye/darkproteome/data/RPFdb/kidney/Riboseq/fastq/finalfastq_forbam_GSM/GSM4793179.fastq.gz
SRX9141933.fastq.gz	GSM4793180	/home/jiye/jiye/darkproteome/data/RPFdb/kidney/Riboseq/fastq/finalfastq_forbam_GSM/GSM4793180.fastq.gz
SRX9141934.fastq.gz	GSM4793181	/home/jiye/jiye/darkproteome/data/RPFdb/kidney/Riboseq/fastq/finalfastq_forbam_GSM/GSM4793181.fastq.gz
SRX9173290.fastq.gz	GSM4798519	/home/jiye/jiye/darkproteome/data/RPFdb/kidney/Riboseq/fastq/finalfastq_forbam_GSM/GSM4798519.fastq.gz
SRX9173291.fastq.gz	GSM4798520	/home/jiye/jiye/darkproteome/data/RPFdb/kidney/Riboseq/fastq/finalfastq_forbam_GSM/GSM4798520.fastq.gz
SRX9173292.fastq.gz	GSM4798521	/home/jiye/jiye/darkproteome/data/RPFdb/kidney/Riboseq/fastq/finalfastq_forbam_GSM/GSM4798521.fastq.gz
SRX9173293.fastq.gz	GSM4798522	/home/jiye/jiye/darkproteome/data/RPFdb/kidney/Riboseq/fastq/finalfastq_forbam_GSM/GSM4798522.fastq.gz
SRX9173294.fastq.gz	GSM4798523	/home/jiye/jiye/darkproteome/data/RPFdb/kidney/Riboseq/fastq/finalfastq_forbam_GSM/GSM4798523.fastq.gz
SRX9173295.fastq.gz	GSM4798524	/home/jiye/jiye/darkproteome/data/RPFdb/kidney/Riboseq/fastq/finalfastq_forbam_GSM/GSM4798524.fastq.gz
SRX9173296.fastq.gz	GSM4798525	/home/jiye/jiye/darkproteome/data/RPFdb/kidney/Riboseq/fastq/finalfastq_forbam_GSM/GSM4798525.fastq.gz
SRX9173297.fastq.gz	GSM4798526	/home/jiye/jiye/darkproteome/data/RPFdb/kidney/Riboseq/fastq/finalfastq_forbam_GSM/GSM4798526.fastq.gz
SRX9173298.fastq.gz	GSM4798527	/home/jiye/jiye/darkproteome/data/RPFdb/kidney/Riboseq/fastq/finalfastq_forbam_GSM/GSM4798527.fastq.gz
SRX9444526.fastq.gz	GSM4886540	/home/jiye/jiye/darkproteome/data/RPFdb/kidney/Riboseq/fastq/finalfastq_forbam_GSM/GSM4886540.fastq.gz
SRX9444527.fastq.gz	GSM4886541	/home/jiye/jiye/darkproteome/data/RPFdb/kidney/Riboseq/fastq/finalfastq_forbam_GSM/GSM4886541.fastq.gz
SRX9444528.fastq.gz	GSM4886542	/home/jiye/jiye/darkproteome/data/RPFdb/kidney/Riboseq/fastq/finalfastq_forbam_GSM/GSM4886542.fastq.gz
SRX9444529.fastq.gz	GSM4886543	/home/jiye/jiye/darkproteome/data/RPFdb/kidney/Riboseq/fastq/finalfastq_forbam_GSM/GSM4886543.fastq.gz
